,African American,Asian,Caucasian
accuracy,0.758130081300813,0.6829268292682927,0.71900826446281
f1_score,0.7544474984054585,0.6842926234435495,0.7179617334377723
