,Metric,Value
0,Accuracy,0.7210031347962382
1,F1 Score,0.7198934696953396
